Reference, Value, Footprint, Datasheet, Field4, Field5, JLC Footprint, JLC-URL, LCSC, LCSC part number, Manufacturer_Part_Number, Mouser Part Number, Mouser link, Stock type, Type, Description, Height, Manufacturer_Name, Mouser Price/Stock, Field10, Field6, Field7, Field8, Field9
"U2","ATSAM3X8EA-AU","Components:QFP50P2200X2200X145-144N","https://nl.mouser.com/ProductDetail/Microchip-Technology-Atmel/ATSAM3X8EA-AU?qs=%2Fha2pyFaduj4BDYKUP%2FSQhCiTCGVcoWQGoQ7Os3E%2FXyOKg4rbckNMw%3D%3D","MICROCHIP","11057C","LQFP-144_20.0x20.0x0.5P","https://jlcpcb.com/parts/componentSearch?searchTxt=C79305","C79305","C79305","ATSAM3X8EA-AU","556-ATSAM3X8EA-AU","https://nl.mouser.com/ProductDetail/Microchip-Technology-Atmel/ATSAM3X8EA-AU?qs=%2Fha2pyFaduj4BDYKUP%2FSQhCiTCGVcoWQGoQ7Os3E%2FXyOKg4rbckNMw%3D%3D","Extended","SMD","","","","","","","","",""
"J1","UJ2-BV-1-TH","Components:UJ2BV1TH","https://www.cui.com/product/resource/uj2-bv-1-th.pdf","","","","","","","UJ2-BV-1-TH","490-UJ2-BV-1-TH","","","THT","USB Connectors USB 2.0 type B jack 4 pin Vertical TH","15.8","CUI Devices","https://www.mouser.co.uk/ProductDetail/CUI-Devices/UJ2-BV-1-TH?qs=5mqXD9RfOg3Kkui4GUMMeg%3D%3D","","","","",""
"J2","5810132011","Components:5810132011_CHadeMO_v2","https://belfuse.com/resources/brochures/cinchconnectivitysolutions/modice/br-ccs-ice-modice-and-shs-brochure.pdf","","","","","","","5810132011","N/A","","","THT","AUTOMOTIVE CONN, PLUG, 40POS, PCB; Product Range:ModICE ME-MX Series; Automotive Connector Shell Style:Panel Mount Plug; No. of Contacts:40Contacts; Automotive Contact Type:PCB Pin; Connector Body Material:Polymer, Glass Filled Body RoHS Compliant: Yes","40.9","Cinch","https://www.mouser.com/Search/Refine.aspx?Keyword=N%2FA","","","","",""
"Y1","CRYSTAL 12MHZ ","Crystal:Crystal_SMD_3225-4Pin_3.2x2.5mm","https://nl.mouser.com/ProductDetail/ABRACON/ABM8-12000MHz-20-B1U-T?qs=vLWxofP3U2yROOOva%252BwLbA%3D%3D","","","SMD-3225_4P","https://jlcpcb.com/parts/componentSearch?searchTxt=C9002","","C9002","X322512MSB4SI","815-M812000MHZ20B1UT","https://nl.mouser.com/ProductDetail/ABRACON/ABM8-12000MHz-20-B1U-T?qs=vLWxofP3U2yROOOva%252BwLbA%3D%3D","Basic","SMD","","","","","","","","",""
"Y2","Crystal 32.768kHz","Crystal:Crystal_SMD_3215-2Pin_3.2x1.5mm","https://nl.mouser.com/ProductDetail/ABRACON/ABS07AIG-32768kHz-T?qs=gG6m684uYP5oqwgXl1V4Jg%3D%3D","","","SMD-3215_2P","https://jlcpcb.com/parts/componentSearch?searchTxt=C32346","","C32346","Q13FC1350000400","815-S07AIG-32.768T","https://nl.mouser.com/ProductDetail/ABRACON/ABS07AIG-32768kHz-T?qs=gG6m684uYP5oqwgXl1V4Jg%3D%3D","Basic","SMD","","","","","","","","",""
"L4","Imp. 30 Ohm","Inductor_SMD:L_0603_1608Metric","https://jlcpcb.com/parts/componentSearch?searchTxt=C24821","","","0603","https://jlcpcb.com/parts/componentSearch?searchTxt=C24821","","C24821","GZ1608D300TF","810-MAF1608GAD201LTA","https://nl.mouser.com/ProductDetail/TDK/MAF1608GAD201LTAH0?qs=BJlw7L4Cy79j18hBlf4%2FXA%3D%3D","Extended","SMD","","","","","","","","",""
"R6","39 Ohm","Resistor_SMD:R_1206_3216Metric","https://nl.mouser.com/ProductDetail/Panasonic/ERJ-8ENF39R0V?qs=sGAEpiMZZMtG0KNrPCHnjTg0x5DoQJ5PEpbqxKZ1qxQ%3D","","","1206","https://jlcpcb.com/parts/componentSearch?searchTxt=C22198","","C22198","1206W4F390JT5E","667-ERJ-8ENF39R0V","https://nl.mouser.com/ProductDetail/Panasonic/ERJ-8ENF39R0V?qs=sGAEpiMZZMtG0KNrPCHnjTg0x5DoQJ5PEpbqxKZ1qxQ%3D","Extended","SMD","","","","","","","","",""
"R7","39 Ohm","Resistor_SMD:R_1206_3216Metric","https://nl.mouser.com/ProductDetail/Panasonic/ERJ-8ENF39R0V?qs=sGAEpiMZZMtG0KNrPCHnjTg0x5DoQJ5PEpbqxKZ1qxQ%3D","","","1206","https://jlcpcb.com/parts/componentSearch?searchTxt=C22198","","C22198","1206W4F390JT5E","667-ERJ-8ENF39R0V","https://nl.mouser.com/ProductDetail/Panasonic/ERJ-8ENF39R0V?qs=sGAEpiMZZMtG0KNrPCHnjTg0x5DoQJ5PEpbqxKZ1qxQ%3D","Extended","SMD","","","","","","","","",""
"R1","6.8 kOhm","Resistor_SMD:R_0805_2012Metric","https://nl.mouser.com/ProductDetail/Panasonic/ERJ-6ENF6801V?qs=sGAEpiMZZMtG0KNrPCHnjTg0x5DoQJ5P%252B6poaIHrg9A%3D","","","0805","https://jlcpcb.com/parts/componentSearch?searchTxt=C17772","","C17772","0805W8F6801T5E","667-ERJ-6ENF6801V","https://nl.mouser.com/ProductDetail/Panasonic/ERJ-6ENF6801V?qs=sGAEpiMZZMtG0KNrPCHnjTg0x5DoQJ5P%252B6poaIHrg9A%3D","Basic","SMD","","","","","","","","",""
"C13","22 pF","Capacitor_SMD:C_0603_1608Metric","https://jlcpcb.com/parts/componentSearch?searchTxt=C1653","","","0603","","","C1653","CL10C220JB8NNNC","603-AC603JRNPO9BN220","https://nl.mouser.com/ProductDetail/Yageo/AC0603JRNPO9BN220?qs=tS%2FAHvPQ%2F56IhnnTktds4w%3D%3D","Basic","SMD","","","","","","","","",""
"C4","22 pF","Capacitor_SMD:C_0603_1608Metric","https://jlcpcb.com/parts/componentSearch?searchTxt=C1653","","","0603","","","C1653","CL10C220JB8NNNC","603-AC603JRNPO9BN220","https://nl.mouser.com/ProductDetail/Yageo/AC0603JRNPO9BN220?qs=tS%2FAHvPQ%2F56IhnnTktds4w%3D%3D","Basic","SMD","","","","","","","","",""
"C5","22 pF","Capacitor_SMD:C_0603_1608Metric","https://jlcpcb.com/parts/componentSearch?searchTxt=C1653","","","0603","","","C1653","CL10C220JB8NNNC","603-AC603JRNPO9BN220","https://nl.mouser.com/ProductDetail/Yageo/AC0603JRNPO9BN220?qs=tS%2FAHvPQ%2F56IhnnTktds4w%3D%3D","Basic","SMD","","","","","","","","",""
"C2","22 pF","Capacitor_SMD:C_0603_1608Metric","https://jlcpcb.com/parts/componentSearch?searchTxt=C1653","","","0603","","","C1653","CL10C220JB8NNNC","603-AC603JRNPO9BN220","https://nl.mouser.com/ProductDetail/Yageo/AC0603JRNPO9BN220?qs=tS%2FAHvPQ%2F56IhnnTktds4w%3D%3D","Basic","SMD","","","","","","","","",""
"C3","22 pF","Capacitor_SMD:C_0603_1608Metric","https://jlcpcb.com/parts/componentSearch?searchTxt=C1653","","","0603","","","C1653","CL10C220JB8NNNC","603-AC603JRNPO9BN220","https://nl.mouser.com/ProductDetail/Yageo/AC0603JRNPO9BN220?qs=tS%2FAHvPQ%2F56IhnnTktds4w%3D%3D","Basic","SMD","","","","","","","","",""
"L1","Imp. 30 Ohm","Inductor_SMD:L_0603_1608Metric","https://jlcpcb.com/parts/componentSearch?searchTxt=C24821","","","0603","https://jlcpcb.com/parts/componentSearch?searchTxt=C24821","","C24821","GZ1608D300TF","810-MAF1608GAD201LTA","https://nl.mouser.com/ProductDetail/TDK/MAF1608GAD201LTAH0?qs=BJlw7L4Cy79j18hBlf4%2FXA%3D%3D","Extended","SMD","","","","","","","","",""
"C18","100 nF","Capacitor_SMD:C_1206_3216Metric","https://jlcpcb.com/parts/componentSearch?searchTxt=CL31B104KBCNNNC","","","1206","","","C24497","CL31B104KBCNNNC","80-C1206C104K5RAUTO","https://nl.mouser.com/ProductDetail/KEMET/C1206C104K5RACAUTO?qs=8xX%252BF9%252BWV6EfUow3P%252BQkbA%3D%3D","Basic","SMD","","","","","","","","",""
"C11","100 nF","Capacitor_SMD:C_1206_3216Metric","https://jlcpcb.com/parts/componentSearch?searchTxt=CL31B104KBCNNNC","","","1206","","","C24497","CL31B104KBCNNNC","80-C1206C104K5RAUTO","https://nl.mouser.com/ProductDetail/KEMET/C1206C104K5RACAUTO?qs=8xX%252BF9%252BWV6EfUow3P%252BQkbA%3D%3D","Basic","SMD","","","","","","","","",""
"R3","100 kOhm","Resistor_SMD:R_0603_1608Metric","https://nl.mouser.com/ProductDetail/Panasonic/ERJ-3EKF1003V?qs=sGAEpiMZZMtG0KNrPCHnjWXb3yLuGJ27MgxoORw4g74%3D","","","0603","https://jlcpcb.com/parts/componentSearch?searchTxt=C25803","","C25803","0603WAF1003T5E","667-ERJ-3EKF1003V","https://nl.mouser.com/ProductDetail/Panasonic/ERJ-3EKF1003V?qs=sGAEpiMZZMtG0KNrPCHnjWXb3yLuGJ27MgxoORw4g74%3D","Basic","SMD","","","","","","","","",""
"C31","100 nF","Capacitor_SMD:C_1206_3216Metric","https://jlcpcb.com/parts/componentSearch?searchTxt=CL31B104KBCNNNC","","","1206","","","C24497","CL31B104KBCNNNC","80-C1206C104K5RAUTO","https://nl.mouser.com/ProductDetail/KEMET/C1206C104K5RACAUTO?qs=8xX%252BF9%252BWV6EfUow3P%252BQkbA%3D%3D","Basic","SMD","","","","","","","","",""
"R5","4.7 kOhm","Resistor_SMD:R_0805_2012Metric","https://nl.mouser.com/ProductDetail/Panasonic/ERJ-6ENF4701V?qs=sGAEpiMZZMtG0KNrPCHnjTg0x5DoQJ5P11vp1EH6kOI%3D","","","0805","https://jlcpcb.com/parts/componentSearch?searchTxt=C17673","","C17673","0805W8F4701T5E","667-ERJ-6ENF4701V","https://nl.mouser.com/ProductDetail/Panasonic/ERJ-6ENF4701V?qs=sGAEpiMZZMtG0KNrPCHnjTg0x5DoQJ5P11vp1EH6kOI%3D","Basic","SMD","","","","","","","","",""
"R4","4.7 kOhm","Resistor_SMD:R_0805_2012Metric","https://nl.mouser.com/ProductDetail/Panasonic/ERJ-6ENF4701V?qs=sGAEpiMZZMtG0KNrPCHnjTg0x5DoQJ5P11vp1EH6kOI%3D","","","0805","https://jlcpcb.com/parts/componentSearch?searchTxt=C17673","","C17673","0805W8F4701T5E","667-ERJ-6ENF4701V","https://nl.mouser.com/ProductDetail/Panasonic/ERJ-6ENF4701V?qs=sGAEpiMZZMtG0KNrPCHnjTg0x5DoQJ5P11vp1EH6kOI%3D","Basic","SMD","","","","","","","","",""
"C12","100 nF","Capacitor_SMD:C_1206_3216Metric","https://jlcpcb.com/parts/componentSearch?searchTxt=CL31B104KBCNNNC","","","1206","","","C24497","CL31B104KBCNNNC","80-C1206C104K5RAUTO","https://nl.mouser.com/ProductDetail/KEMET/C1206C104K5RACAUTO?qs=8xX%252BF9%252BWV6EfUow3P%252BQkbA%3D%3D","Basic","SMD","","","","","","","","",""
"IC1","ISO1050DUBR","SamacSys_Parts:SOP254P1040X485-8N","http://www.ti.com/lit/ds/symlink/iso1050.pdf","","","SMD-8_6.6x9.5x2.54P","https://jlcpcb.com/parts/componentSearch?searchTxt=C16428","","C16428","ISO1050DUBR","595-ISO1050DUBR","https://nl.mouser.com/ProductDetail/Texas-Instruments/ISO1050DUBR?qs=IK5e5L0zOXhhp9hdAolE%252BA%3D%3D","Basic","SMD","Digital Isolators Iso 5V CAN Xcvr","4.85","Texas Instruments","https://www.mouser.co.uk/ProductDetail/Texas-Instruments/ISO1050DUBR?qs=IK5e5L0zOXhhp9hdAolE%252BA%3D%3D","","","","",""
"C30","100 nF","Capacitor_SMD:C_1206_3216Metric","https://jlcpcb.com/parts/componentSearch?searchTxt=CL31B104KBCNNNC","","","1206","","","C24497","CL31B104KBCNNNC","80-C1206C104K5RAUTO","https://nl.mouser.com/ProductDetail/KEMET/C1206C104K5RACAUTO?qs=8xX%252BF9%252BWV6EfUow3P%252BQkbA%3D%3D","Basic","SMD","","","","","","","","",""
"LED1","LED","LED_SMD:LED_0603_1608Metric","https://nl.mouser.com/ProductDetail/Wurth-Elektronik/150060GS84000?qs=GedFDFLaBXH09WUudWKJ5g%3D%3D","","","LED_0603","https://jlcpcb.com/parts/componentSearch?searchTxt=C72043","","C72043","19-217/GHC-YR1S2/3T","710-150060GS84000","https://nl.mouser.com/ProductDetail/Wurth-Elektronik/150060GS84000?qs=GedFDFLaBXH09WUudWKJ5g%3D%3D","Basic","SMD","","","","","","","","",""
"R2","470 Ohm","Resistor_SMD:R_0805_2012Metric","https://nl.mouser.com/ProductDetail/Panasonic/ERJ-P06F4700V?qs=sGAEpiMZZMtG0KNrPCHnjYpPrk%252BOMd4bKtwYfDK0FOg%3D","","","0805","https://jlcpcb.com/parts/componentSearch?searchTxt=C17710","","C17710","0805W8F4700T5E","667-ERJ-P06F4700V","https://nl.mouser.com/ProductDetail/Panasonic/ERJ-P06F4700V?qs=sGAEpiMZZMtG0KNrPCHnjYpPrk%252BOMd4bKtwYfDK0FOg%3D","Basic","SMD","","","","","","","","",""
"U1","M24M02-DRMN6TP","SamacSys_Parts:SOIC127P600X175-8N","https://nl.mouser.com/ProductDetail/STMicroelectronics/M24M02-DRMN6TP?qs=%2Fha2pyFaduhhkqSvZDSJHpfkB04qbmGNzbzD1NxPMz2njpxq91INcQ%3D%3D","","","SOIC-8_3.9x4.9x1.27P","https://jlcpcb.com/parts/componentSearch?searchTxt=C115042","","C115042","M24M02-DRMN6TP","511-M24M02-DRMN6TP","https://nl.mouser.com/ProductDetail/STMicroelectronics/M24M02-DRMN6TP?qs=%2Fha2pyFaduhhkqSvZDSJHpfkB04qbmGNzbzD1NxPMz2njpxq91INcQ%3D%3D","Extended","SMD","","","","","","","","",""
"C27","100 nF","Capacitor_SMD:C_1206_3216Metric","https://jlcpcb.com/parts/componentSearch?searchTxt=CL31B104KBCNNNC","","","1206","","","C24497","CL31B104KBCNNNC","80-C1206C104K5RAUTO","https://nl.mouser.com/ProductDetail/KEMET/C1206C104K5RACAUTO?qs=8xX%252BF9%252BWV6EfUow3P%252BQkbA%3D%3D","Basic","SMD","","","","","","","","",""
"U4","VOM617A-4T","Components:VOM617A8X001T","https://nl.mouser.com/ProductDetail/78-VOM617A-4T","7","IPC-7351B","SMD-4_4.6x6.5x2.54P","https://jlcpcb.com/parts/componentSearch?searchTxt=C106900","","C106900","VOM617A-4T","78-VOM617A-4T","https://nl.mouser.com/ProductDetail/78-VOM617A-4T","Basic","SMD","","","","","","","","",""
"R16","470 Ohm","Resistor_SMD:R_0805_2012Metric","https://nl.mouser.com/ProductDetail/Panasonic/ERJ-P06F4700V?qs=sGAEpiMZZMtG0KNrPCHnjYpPrk%252BOMd4bKtwYfDK0FOg%3D","","","0805","https://jlcpcb.com/parts/componentSearch?searchTxt=C17710","","C17710","0805W8F4700T5E","667-ERJ-P06F4700V","https://nl.mouser.com/ProductDetail/Panasonic/ERJ-P06F4700V?qs=sGAEpiMZZMtG0KNrPCHnjYpPrk%252BOMd4bKtwYfDK0FOg%3D","Basic","SMD","","","","","","","","",""
"R18","10 kOhm","Resistor_SMD:R_0805_2012Metric","https://nl.mouser.com/ProductDetail/Panasonic/ERJ-6ENF1002V?qs=4WZYzuGhm5pfKPfuMiCO5g%3D%3D","","","0805","https://jlcpcb.com/parts/componentSearch?searchTxt=C25744","","C25744","ERJ-6ENF1002V","667-ERJ-6ENF1002V","https://nl.mouser.com/ProductDetail/Panasonic/ERJ-6ENF1002V?qs=4WZYzuGhm5pfKPfuMiCO5g%3D%3D","Basic","SMD","","","","","","","","",""
"K1","V23086C1001A403-EV-BLBOX","SamacSys_Parts:V23086C1001A403EVBLBOX","https://nl.mouser.com/ProductDetail/TE-Connectivity-AMP/V23086C1001A403-EV-BLBOX?qs=%2Fha2pyFaduiyCf0nu%252B%2FzxD2Z98dj0ewwvYmn1Z84d3wLAJpAKpkT%2F1hVahEYYzzV","","","","","","","V23086C1001A403-EV-BLBOX","655-1-1414761-0","","","THT","Automotive Relays V23086C1001A403-EV-BLBOX","10","TE Connectivity","https://www.mouser.co.uk/ProductDetail/TE-Connectivity-AMP/V23086C1001A403-EV-BLBOX?qs=0kFKDc1CZSmi6Mk74Rg5kg%3D%3D","","","","",""
"R14","1 kOhm","Resistor_SMD:R_0805_2012Metric","https://nl.mouser.com/ProductDetail/Panasonic/ERJ-6ENF1001V?qs=sGAEpiMZZMtG0KNrPCHnjWXb3yLuGJ27akbDirKvTYA%3D","","","0805","https://jlcpcb.com/parts/componentSearch?searchTxt=C17513","","C17513","0805W8F1001T5E","667-ERJ-6ENF1001V","https://nl.mouser.com/ProductDetail/Panasonic/ERJ-6ENF1001V?qs=sGAEpiMZZMtG0KNrPCHnjWXb3yLuGJ27akbDirKvTYA%3D","Basic","SMD","","","","","","","","",""
"PS1","ROE-3.305S","SamacSys_Parts:ROE3305S","https://nl.mouser.com/ProductDetail/RECOM-Power/ROE-3305S?qs=%2Fha2pyFadui8DrpX4CFO0oSW4HPKP0QPOSHbdRFVYVDaumpNTGL2kQ%3D%3D","","","","","","","ROE-3.305S","919-ROE-3.305S","https://nl.mouser.com/ProductDetail/RECOM-Power/ROE-3305S?qs=%2Fha2pyFadui8DrpX4CFO0oSW4HPKP0QPOSHbdRFVYVDaumpNTGL2kQ%3D%3D","","THT","Recom Through Hole 1W Isolated DC-DC Converter, I/O isolation 1kV dc, Vout 5V dc","10.5","RECOM Power","https://www.mouser.co.uk/ProductDetail/RECOM-Power/ROE-3305S?qs=wlO1EFRhkBCdowjFZq2Hcg%3D%3D","https://www.recom-power.com/pdf/Econoline/ROE.pdf","","","",""
"C46","10 uF","Capacitor_SMD:C_1206_3216Metric","https://jlcpcb.com/parts/componentSearch?searchTxt=C13585","","","1206","","","C13585","CL31A106KBHNNNE","810-CGA5L3X5R1H106K","https://nl.mouser.com/ProductDetail/TDK/CGA5L3X5R1H106K160AB?qs=NRhsANhppD8pTJR%2Fk9qJww%3D%3D","Basic","SMD","","","","","","","","",""
"C47","10 uF","Capacitor_SMD:C_1206_3216Metric","https://jlcpcb.com/parts/componentSearch?searchTxt=C13585","","","1206","","","C13585","CL31A106KBHNNNE","810-CGA5L3X5R1H106K","https://nl.mouser.com/ProductDetail/TDK/CGA5L3X5R1H106K160AB?qs=NRhsANhppD8pTJR%2Fk9qJww%3D%3D","Basic","SMD","","","","","","","","",""
"C45","10 uF","Capacitor_SMD:C_1206_3216Metric","https://jlcpcb.com/parts/componentSearch?searchTxt=C13585","","","1206","","","C13585","CL31A106KBHNNNE","810-CGA5L3X5R1H106K","https://nl.mouser.com/ProductDetail/TDK/CGA5L3X5R1H106K160AB?qs=NRhsANhppD8pTJR%2Fk9qJww%3D%3D","Basic","SMD","","","","","","","","",""
"L9","22 uH","Components:INDPM4442X200N","https://nl.mouser.com/ProductDetail/Sumida/0420CDMCCDS-220MC?qs=%2Fha2pyFadugqX7ide%252BmDWYLBiwd9hTgArsnq5o9n14VrJzsLwHlPZw%3D%3D","","","SMD-PIND-4.2x4.4x2.0_0.8x2.0","https://jlcpcb.com/parts/componentSearch?searchTxt=C408340","","C408340","MWSA0402S-220MT","851-0420CDMCCDS220MC","https://nl.mouser.com/ProductDetail/Sumida/0420CDMCCDS-220MC?qs=%2Fha2pyFadugqX7ide%252BmDWYLBiwd9hTgArsnq5o9n14VrJzsLwHlPZw%3D%3D","Extended","SMD","","","","","","","","",""
"C44","220 uF","SamacSys_Parts:CAPAE1040X1050N","https://jlcpcb.com/parts/componentSearch?searchTxt=C176670","","","SMD-ECAP-10x10","https://jlcpcb.com/parts/componentSearch?searchTxt=C176670","","C176670","VEJ221M1HTR-1010","647-UCW1H221MNL1GS","https://nl.mouser.com/ProductDetail/Nichicon/UCW1H221MNL1GS?qs=CjLBVBdJVbSEcvg%2FZ%252BfP6A%3D%3D","Extended","SMD","","","","","","","","",""
"D6","D_TVS","Components:DIOM5436X261N","https://nl.mouser.com/ProductDetail/Littelfuse/SMBJ18CA?qs=%2Fha2pyFadujTLE5PdsD8k%252BKNvCbBqEMOxNF4nJsLbzk%3D","","","SMB,DO-214AA","https://jlcpcb.com/parts/componentSearch?searchTxt=C83327","","C83327","SMBJ18CA","576-SMBJ18CA","https://nl.mouser.com/ProductDetail/Littelfuse/SMBJ18CA?qs=%2Fha2pyFadujTLE5PdsD8k%252BKNvCbBqEMOxNF4nJsLbzk%3D","Extended","SMD","","","","","","","","",""
"L7","22 uH","Components:INDPM4442X200N","https://jlcpcb.com/parts/componentSearch?searchTxt=C408340","","","SMD-PIND-4.2x4.4x2.0_0.8x2.0","https://jlcpcb.com/parts/componentSearch?searchTxt=C408340","","C408340","MWSA0402S-220MT","851-0420CDMCCDS220MC","https://nl.mouser.com/ProductDetail/Sumida/0420CDMCCDS-220MC?qs=%2Fha2pyFadugqX7ide%252BmDWYLBiwd9hTgArsnq5o9n14VrJzsLwHlPZw%3D%3D","Extended","SMD","","","","","","","","",""
"C36","10 uF","Capacitor_SMD:C_1206_3216Metric","https://jlcpcb.com/parts/componentSearch?searchTxt=C13585","","","1206","","","C13585","CL31A106KBHNNNE","810-CGA5L3X5R1H106K","https://nl.mouser.com/ProductDetail/TDK/CGA5L3X5R1H106K160AB?qs=NRhsANhppD8pTJR%2Fk9qJww%3D%3D","Basic","SMD","","","","","","","","",""
"C38","330 pF","Capacitor_SMD:C_0805_2012Metric","https://jlcpcb.com/parts/componentSearch?searchTxt=C51207","","","0805","","","C51207","CL21B331KBANNNC","80-C0805C331K5RAUTO","https://nl.mouser.com/ProductDetail/KEMET/C0805C331K5RACAUTO?qs=2FIyTMJ0hNmLvA9xBDqn5g%3D%3D","Basic","SMD","","","","","","","","",""
"C40","330 pF","Capacitor_SMD:C_0805_2012Metric","https://jlcpcb.com/parts/componentSearch?searchTxt=C51207","","","0805","","","C51207","CL21B331KBANNNC","80-C0805C331K5RAUTO","https://nl.mouser.com/ProductDetail/KEMET/C0805C331K5RACAUTO?qs=2FIyTMJ0hNmLvA9xBDqn5g%3D%3D","Basic","SMD","","","","","","","","",""
"L8","22 uH","Components:INDPM4442X200N","https://jlcpcb.com/parts/componentSearch?searchTxt=C408340","","","SMD-PIND-4.2x4.4x2.0_0.8x2.0","https://jlcpcb.com/parts/componentSearch?searchTxt=C408340","","C408340","MWSA0402S-220MT","851-0420CDMCCDS220MC","https://nl.mouser.com/ProductDetail/Sumida/0420CDMCCDS-220MC?qs=%2Fha2pyFadugqX7ide%252BmDWYLBiwd9hTgArsnq5o9n14VrJzsLwHlPZw%3D%3D","Extended","SMD","","","","","","","","",""
"C37","10 uF","Capacitor_SMD:C_1206_3216Metric","https://jlcpcb.com/parts/componentSearch?searchTxt=C13585","","","1206","","","C13585","CL31A106KBHNNNE","810-CGA5L3X5R1H106K","https://nl.mouser.com/ProductDetail/TDK/CGA5L3X5R1H106K160AB?qs=NRhsANhppD8pTJR%2Fk9qJww%3D%3D","Basic","SMD","","","","","","","","",""
"C39","330 pF","Capacitor_SMD:C_0805_2012Metric","https://jlcpcb.com/parts/componentSearch?searchTxt=C51207","","","0805","","","C51207","CL21B331KBANNNC","80-C0805C331K5RAUTO","https://nl.mouser.com/ProductDetail/KEMET/C0805C331K5RACAUTO?qs=2FIyTMJ0hNmLvA9xBDqn5g%3D%3D","Basic","SMD","","","","","","","","",""
"PS3","TR2024S3V3","SamacSys_Parts:TR2024S3V3","https://nl.mouser.com/ProductDetail/XP-Power/TR2024S3V3?qs=%2Fha2pyFaduifXUBcauaJWz30UGOuXHfepqSpojquB9W2BKqb3MlDbA%3D%3D","","","","","","","TR2024S3V3","209-TR2024S3V3","https://nl.mouser.com/ProductDetail/XP-Power/TR2024S3V3?qs=%2Fha2pyFaduifXUBcauaJWz30UGOuXHfepqSpojquB9W2BKqb3MlDbA%3D%3D","","THT","Non-Isolated DC/DC Converters DC-DC Converter, Switching Regulator, 2A","10.1","XP POWER","https://www.mouser.co.uk/ProductDetail/XP-Power/TR2024S3V3?qs=xZ%2FP%252Ba9zWqaTWxzsWP9Idw%3D%3D","https://www.xppower.com/portals/0/pdfs/SF_TR20.pdf","","","",""
"F2","500 mA","Fuse:Fuse_1206_3216Metric","https://nl.mouser.com/ProductDetail/652-MF-NSHT050KX-2","","","","","","","","652-MF-NSHT050KX-2","https://nl.mouser.com/ProductDetail/652-MF-NSHT050KX-2","","SMD","","","","","","","","",""
"F1","2 A","SamacSys_Parts:FUSC7451X125N","https://nl.mouser.com/ProductDetail/Littelfuse/2920L200-24DR?qs=PWhpLWeW8wffSOrwZt6C2Q%3D%3D","","","","","","","","576-2920L200/24DR","https://nl.mouser.com/ProductDetail/Littelfuse/2920L200-24DR?qs=PWhpLWeW8wffSOrwZt6C2Q%3D%3D","","SMD","","","","","","","","",""
"D2","1N4148W","Diode_SMD:D_SOD-123","https://jlcpcb.com/parts/componentSearch?searchTxt=C81598","","","SOD-123","https://jlcpcb.com/parts/componentSearch?searchTxt=C81598","","C81598","1N4148W","621-1N4148W-F","https://nl.mouser.com/ProductDetail/Diodes-Incorporated/1N4148W-7-F?qs=%2Fha2pyFadujYbUVm%252BOEfeV5LQgnaBS8zAQJ9gwbNRK0%3D","Basic","SMD","","","","","","","","",""
"C33","10 uF","Capacitor_SMD:C_1206_3216Metric","https://jlcpcb.com/parts/componentSearch?searchTxt=C13585","","","1206","","","C13585","CL31A106KBHNNNE","810-CGA5L3X5R1H106K","https://nl.mouser.com/ProductDetail/TDK/CGA5L3X5R1H106K160AB?qs=NRhsANhppD8pTJR%2Fk9qJww%3D%3D","Basic","SMD","","","","","","","","",""
"C32","10 uF","Capacitor_SMD:C_1206_3216Metric","https://jlcpcb.com/parts/componentSearch?searchTxt=C13585","","","1206","","","C13585","CL31A106KBHNNNE","810-CGA5L3X5R1H106K","https://nl.mouser.com/ProductDetail/TDK/CGA5L3X5R1H106K160AB?qs=NRhsANhppD8pTJR%2Fk9qJww%3D%3D","Basic","SMD","","","","","","","","",""
"C29","10 uF","Capacitor_SMD:C_1206_3216Metric","https://jlcpcb.com/parts/componentSearch?searchTxt=C13585","","","1206","","","C13585","CL31A106KBHNNNE","810-CGA5L3X5R1H106K","https://nl.mouser.com/ProductDetail/TDK/CGA5L3X5R1H106K160AB?qs=NRhsANhppD8pTJR%2Fk9qJww%3D%3D","Basic","SMD","","","","","","","","",""
"C28","100 nF","Capacitor_SMD:C_1206_3216Metric","https://jlcpcb.com/parts/componentSearch?searchTxt=CL31B104KBCNNNC","","","1206","","","C24497","CL31B104KBCNNNC","80-C1206C104K5RAUTO","https://nl.mouser.com/ProductDetail/KEMET/C1206C104K5RACAUTO?qs=8xX%252BF9%252BWV6EfUow3P%252BQkbA%3D%3D","Basic","SMD","","","","","","","","",""
"L3","Imp. 30 Ohm","Inductor_SMD:L_0603_1608Metric","https://jlcpcb.com/parts/componentSearch?searchTxt=C24821","","","0603","https://jlcpcb.com/parts/componentSearch?searchTxt=C24821","","C24821","GZ1608D300TF","810-MAF1608GAD201LTA","https://nl.mouser.com/ProductDetail/TDK/MAF1608GAD201LTAH0?qs=BJlw7L4Cy79j18hBlf4%2FXA%3D%3D","Extended","SMD","","","","","","","","",""
"C1","10 uF","Capacitor_SMD:C_1206_3216Metric","https://jlcpcb.com/parts/componentSearch?searchTxt=C13585","","","1206","","","C13585","CL31A106KBHNNNE","810-CGA5L3X5R1H106K","https://nl.mouser.com/ProductDetail/TDK/CGA5L3X5R1H106K160AB?qs=NRhsANhppD8pTJR%2Fk9qJww%3D%3D","Basic","SMD","","","","","","","","",""
"C9","100 nF","Capacitor_SMD:C_1206_3216Metric","https://jlcpcb.com/parts/componentSearch?searchTxt=CL31B104KBCNNNC","","","1206","","","C24497","CL31B104KBCNNNC","80-C1206C104K5RAUTO","https://nl.mouser.com/ProductDetail/KEMET/C1206C104K5RACAUTO?qs=8xX%252BF9%252BWV6EfUow3P%252BQkbA%3D%3D","Basic","SMD","","","","","","","","",""
"C14","100 nF","Capacitor_SMD:C_1206_3216Metric","https://jlcpcb.com/parts/componentSearch?searchTxt=CL31B104KBCNNNC","","","1206","","","C24497","CL31B104KBCNNNC","80-C1206C104K5RAUTO","https://nl.mouser.com/ProductDetail/KEMET/C1206C104K5RACAUTO?qs=8xX%252BF9%252BWV6EfUow3P%252BQkbA%3D%3D","Basic","SMD","","","","","","","","",""
"C16","100 nF","Capacitor_SMD:C_1206_3216Metric","https://jlcpcb.com/parts/componentSearch?searchTxt=CL31B104KBCNNNC","","","1206","","","C24497","CL31B104KBCNNNC","80-C1206C104K5RAUTO","https://nl.mouser.com/ProductDetail/KEMET/C1206C104K5RACAUTO?qs=8xX%252BF9%252BWV6EfUow3P%252BQkbA%3D%3D","Basic","SMD","","","","","","","","",""
"C19","100 nF","Capacitor_SMD:C_1206_3216Metric","https://jlcpcb.com/parts/componentSearch?searchTxt=CL31B104KBCNNNC","","","1206","","","C24497","CL31B104KBCNNNC","80-C1206C104K5RAUTO","https://nl.mouser.com/ProductDetail/KEMET/C1206C104K5RACAUTO?qs=8xX%252BF9%252BWV6EfUow3P%252BQkbA%3D%3D","Basic","SMD","","","","","","","","",""
"C21","100 nF","Capacitor_SMD:C_1206_3216Metric","https://jlcpcb.com/parts/componentSearch?searchTxt=CL31B104KBCNNNC","","","1206","","","C24497","CL31B104KBCNNNC","80-C1206C104K5RAUTO","https://nl.mouser.com/ProductDetail/KEMET/C1206C104K5RACAUTO?qs=8xX%252BF9%252BWV6EfUow3P%252BQkbA%3D%3D","Basic","SMD","","","","","","","","",""
"L2","Imp. 30 Ohm","Inductor_SMD:L_0603_1608Metric","https://jlcpcb.com/parts/componentSearch?searchTxt=C24821","","","0603","https://jlcpcb.com/parts/componentSearch?searchTxt=C24821","","C24821","GZ1608D300TF","810-MAF1608GAD201LTA","https://nl.mouser.com/ProductDetail/TDK/MAF1608GAD201LTAH0?qs=BJlw7L4Cy79j18hBlf4%2FXA%3D%3D","Extended","SMD","","","","","","","","",""
"C23","100 nF","Capacitor_SMD:C_1206_3216Metric","https://jlcpcb.com/parts/componentSearch?searchTxt=CL31B104KBCNNNC","","","1206","","","C24497","CL31B104KBCNNNC","80-C1206C104K5RAUTO","https://nl.mouser.com/ProductDetail/KEMET/C1206C104K5RACAUTO?qs=8xX%252BF9%252BWV6EfUow3P%252BQkbA%3D%3D","Basic","SMD","","","","","","","","",""
"C7","100 nF","Capacitor_SMD:C_1206_3216Metric","https://jlcpcb.com/parts/componentSearch?searchTxt=CL31B104KBCNNNC","","","1206","","","C24497","CL31B104KBCNNNC","80-C1206C104K5RAUTO","https://nl.mouser.com/ProductDetail/KEMET/C1206C104K5RACAUTO?qs=8xX%252BF9%252BWV6EfUow3P%252BQkbA%3D%3D","Basic","SMD","","","","","","","","",""
"C24","10 uF","Capacitor_SMD:C_1206_3216Metric","https://jlcpcb.com/parts/componentSearch?searchTxt=C13585","","","1206","","","C13585","CL31A106KBHNNNE","810-CGA5L3X5R1H106K","https://nl.mouser.com/ProductDetail/TDK/CGA5L3X5R1H106K160AB?qs=NRhsANhppD8pTJR%2Fk9qJww%3D%3D","Basic","SMD","","","","","","","","",""
"C25","100 nF","Capacitor_SMD:C_1206_3216Metric","https://jlcpcb.com/parts/componentSearch?searchTxt=CL31B104KBCNNNC","","","1206","","","C24497","CL31B104KBCNNNC","80-C1206C104K5RAUTO","https://nl.mouser.com/ProductDetail/KEMET/C1206C104K5RACAUTO?qs=8xX%252BF9%252BWV6EfUow3P%252BQkbA%3D%3D","Basic","SMD","","","","","","","","",""
"C26","10 uF","Capacitor_SMD:C_1206_3216Metric","https://jlcpcb.com/parts/componentSearch?searchTxt=C13585","","","1206","","","C13585","CL31A106KBHNNNE","810-CGA5L3X5R1H106K","https://nl.mouser.com/ProductDetail/TDK/CGA5L3X5R1H106K160AB?qs=NRhsANhppD8pTJR%2Fk9qJww%3D%3D","Basic","SMD","","","","","","","","",""
"C6","10 uF","Capacitor_SMD:C_1206_3216Metric","https://jlcpcb.com/parts/componentSearch?searchTxt=C13585","","","1206","","","C13585","CL31A106KBHNNNE","810-CGA5L3X5R1H106K","https://nl.mouser.com/ProductDetail/TDK/CGA5L3X5R1H106K160AB?qs=NRhsANhppD8pTJR%2Fk9qJww%3D%3D","Basic","SMD","","","","","","","","",""
"C8","100 nF","Capacitor_SMD:C_1206_3216Metric","https://jlcpcb.com/parts/componentSearch?searchTxt=CL31B104KBCNNNC","","","1206","","","C24497","CL31B104KBCNNNC","80-C1206C104K5RAUTO","https://nl.mouser.com/ProductDetail/KEMET/C1206C104K5RACAUTO?qs=8xX%252BF9%252BWV6EfUow3P%252BQkbA%3D%3D","Basic","SMD","","","","","","","","",""
"C10","100 nF","Capacitor_SMD:C_1206_3216Metric","https://jlcpcb.com/parts/componentSearch?searchTxt=CL31B104KBCNNNC","","","1206","","","C24497","CL31B104KBCNNNC","80-C1206C104K5RAUTO","https://nl.mouser.com/ProductDetail/KEMET/C1206C104K5RACAUTO?qs=8xX%252BF9%252BWV6EfUow3P%252BQkbA%3D%3D","Basic","SMD","","","","","","","","",""
"C15","100 nF","Capacitor_SMD:C_1206_3216Metric","https://jlcpcb.com/parts/componentSearch?searchTxt=CL31B104KBCNNNC","","","1206","","","C24497","CL31B104KBCNNNC","80-C1206C104K5RAUTO","https://nl.mouser.com/ProductDetail/KEMET/C1206C104K5RACAUTO?qs=8xX%252BF9%252BWV6EfUow3P%252BQkbA%3D%3D","Basic","SMD","","","","","","","","",""
"C17","100 nF","Capacitor_SMD:C_1206_3216Metric","https://jlcpcb.com/parts/componentSearch?searchTxt=CL31B104KBCNNNC","","","1206","","","C24497","CL31B104KBCNNNC","80-C1206C104K5RAUTO","https://nl.mouser.com/ProductDetail/KEMET/C1206C104K5RACAUTO?qs=8xX%252BF9%252BWV6EfUow3P%252BQkbA%3D%3D","Basic","SMD","","","","","","","","",""
"C20","100 nF","Capacitor_SMD:C_1206_3216Metric","https://jlcpcb.com/parts/componentSearch?searchTxt=CL31B104KBCNNNC","","","1206","","","C24497","CL31B104KBCNNNC","80-C1206C104K5RAUTO","https://nl.mouser.com/ProductDetail/KEMET/C1206C104K5RACAUTO?qs=8xX%252BF9%252BWV6EfUow3P%252BQkbA%3D%3D","Basic","SMD","","","","","","","","",""
"C22","100 nF","Capacitor_SMD:C_1206_3216Metric","https://jlcpcb.com/parts/componentSearch?searchTxt=CL31B104KBCNNNC","","","1206","","","C24497","CL31B104KBCNNNC","80-C1206C104K5RAUTO","https://nl.mouser.com/ProductDetail/KEMET/C1206C104K5RACAUTO?qs=8xX%252BF9%252BWV6EfUow3P%252BQkbA%3D%3D","Basic","SMD","","","","","","","","",""
"IC2","ISO1050DUBR","SamacSys_Parts:SOP254P1040X485-8N","http://www.ti.com/lit/ds/symlink/iso1050.pdf","","","SMD-8_6.6x9.5x2.54P","https://jlcpcb.com/parts/componentSearch?searchTxt=C16428","","C16428","ISO1050DUBR","595-ISO1050DUBR","https://nl.mouser.com/ProductDetail/Texas-Instruments/ISO1050DUBR?qs=IK5e5L0zOXhhp9hdAolE%252BA%3D%3D","Basic","SMD","Digital Isolators Iso 5V CAN Xcvr","4.85","Texas Instruments","https://www.mouser.co.uk/ProductDetail/Texas-Instruments/ISO1050DUBR?qs=IK5e5L0zOXhhp9hdAolE%252BA%3D%3D","","","","",""
"PS2","ROE-3.305S","SamacSys_Parts:ROE3305S","https://nl.mouser.com/ProductDetail/RECOM-Power/ROE-3305S?qs=%2Fha2pyFadui8DrpX4CFO0oSW4HPKP0QPOSHbdRFVYVDaumpNTGL2kQ%3D%3D","","","","","","","ROE-3.305S","919-ROE-3.305S","https://nl.mouser.com/ProductDetail/RECOM-Power/ROE-3305S?qs=%2Fha2pyFadui8DrpX4CFO0oSW4HPKP0QPOSHbdRFVYVDaumpNTGL2kQ%3D%3D","","THT","Recom Through Hole 1W Isolated DC-DC Converter, I/O isolation 1kV dc, Vout 5V dc","10.5","RECOM Power","https://www.mouser.co.uk/ProductDetail/RECOM-Power/ROE-3305S?qs=wlO1EFRhkBCdowjFZq2Hcg%3D%3D","https://www.recom-power.com/pdf/Econoline/ROE.pdf","","","",""
"C41","330 pF","Capacitor_SMD:C_0805_2012Metric","https://jlcpcb.com/parts/componentSearch?searchTxt=C51207","","","0805","","","C51207","CL21B331KBANNNC","80-C0805C331K5RAUTO","https://nl.mouser.com/ProductDetail/KEMET/C0805C331K5RACAUTO?qs=2FIyTMJ0hNmLvA9xBDqn5g%3D%3D","Basic","SMD","","","","","","","","",""
"D1","1N4148W","Diode_SMD:D_SOD-123","https://jlcpcb.com/parts/componentSearch?searchTxt=C81598","","","SOD-123","https://jlcpcb.com/parts/componentSearch?searchTxt=C81598","","C81598","1N4148W","621-1N4148W-F","https://nl.mouser.com/ProductDetail/Diodes-Incorporated/1N4148W-7-F?qs=%2Fha2pyFadujYbUVm%252BOEfeV5LQgnaBS8zAQJ9gwbNRK0%3D","Basic","SMD","","","","","","","","",""
"H1","MountingHole","Components:JLCPCB-ToolingHole","~"
"H2","MountingHole","Components:JLCPCB-ToolingHole","~"
"H3","MountingHole","Components:JLCPCB-ToolingHole","~"
"R11","60 Ohm","Resistor_SMD:R_1206_3216Metric","https://nl.mouser.com/ProductDetail/Vishay-Dale/CRCW120660R0KNEAIF?qs=0LP1uVfdam9gTU37MuGrNg%3D%3D","","","1206","","","","CRCW120660R0KNEAIF","71-CRCW120660R0KNAIF","https://nl.mouser.com/ProductDetail/Vishay-Dale/CRCW120660R0KNEAIF?qs=0LP1uVfdam9gTU37MuGrNg%3D%3D","","SMD","","","","","","","","",""
"JP1","SolderJumper_2_Open","Jumper:SolderJumper-2_P1.3mm_Open_RoundedPad1.0x1.5mm","~"
"HLOGO1","MountingHole","Components:EVcreate_2500","~"
"C42","100 nF","Capacitor_SMD:C_1206_3216Metric","https://jlcpcb.com/parts/componentSearch?searchTxt=CL31B104KBCNNNC","","","1206","","","C24497","CL31B104KBCNNNC","80-C1206C104K5RAUTO","https://nl.mouser.com/ProductDetail/KEMET/C1206C104K5RACAUTO?qs=8xX%252BF9%252BWV6EfUow3P%252BQkbA%3D%3D","Basic","SMD","","","","","","","","",""
"C43","100 nF","Capacitor_SMD:C_1206_3216Metric","https://jlcpcb.com/parts/componentSearch?searchTxt=CL31B104KBCNNNC","","","1206","","","C24497","CL31B104KBCNNNC","80-C1206C104K5RAUTO","https://nl.mouser.com/ProductDetail/KEMET/C1206C104K5RACAUTO?qs=8xX%252BF9%252BWV6EfUow3P%252BQkbA%3D%3D","Basic","SMD","","","","","","","","",""
"R17","10 kOhm","Resistor_SMD:R_0805_2012Metric","https://nl.mouser.com/ProductDetail/Panasonic/ERJ-6ENF1002V?qs=4WZYzuGhm5pfKPfuMiCO5g%3D%3D","","","0805","https://jlcpcb.com/parts/componentSearch?searchTxt=C25744","","C25744","ERJ-6ENF1002V","667-ERJ-6ENF1002V","https://nl.mouser.com/ProductDetail/Panasonic/ERJ-6ENF1002V?qs=4WZYzuGhm5pfKPfuMiCO5g%3D%3D","Basic","SMD","","","","","","","","",""
"R15","1 kOhm","Resistor_SMD:R_0805_2012Metric","https://nl.mouser.com/ProductDetail/Panasonic/ERJ-6ENF1001V?qs=sGAEpiMZZMtG0KNrPCHnjWXb3yLuGJ27akbDirKvTYA%3D","","","0805","https://jlcpcb.com/parts/componentSearch?searchTxt=C17513","","C17513","0805W8F1001T5E","667-ERJ-6ENF1001V","https://nl.mouser.com/ProductDetail/Panasonic/ERJ-6ENF1001V?qs=sGAEpiMZZMtG0KNrPCHnjWXb3yLuGJ27akbDirKvTYA%3D","Basic","SMD","","","","","","","","",""
"D3","D_TVS","Components:DIOM5436X261N","https://jlcpcb.com/parts/componentSearch?searchTxt=C83327","","","SMB,DO-214AA","https://jlcpcb.com/parts/componentSearch?searchTxt=C83327","","C83327","SMBJ18CA","576-SMBJ18CA","https://nl.mouser.com/ProductDetail/Littelfuse/SMBJ18CA?qs=%2Fha2pyFadujTLE5PdsD8k%252BKNvCbBqEMOxNF4nJsLbzk%3D","Extended","SMD","","","","","","","","",""
"U3","VOM617A-4T","Components:VOM617A8X001T","https://nl.mouser.com/ProductDetail/78-VOM617A-4T","7","IPC-7351B","SMD-4_4.6x6.5x2.54P","https://jlcpcb.com/parts/componentSearch?searchTxt=C106900","","C106900","VOM617A-4T","78-VOM617A-4T","https://nl.mouser.com/ProductDetail/78-VOM617A-4T","Basic","SMD","","","","","","","","",""
"J3","39-28-8020","Components:SHDR2W125P550X420_2X1_540X960X1310P","http://www.molex.com/molex/products/datasheet.jsp?part=active/0039288020_PCB_HEADERS.xml","","","","","","","39-28-8020","538-39-28-8020","","","THT","Header 4.20mm, dual row, vert, 2w, (sn) Molex MINI-FIT JR. Series, Series Number 5566, 4.2mm Pitch 2 Way 2 Row Shrouded Straight PCB Header, Through Hole","13.1","Molex","https://www.mouser.co.uk/ProductDetail/Molex/39-28-8020?qs=ZZBj1wiNDbnzWLcHr%2Fqwqw%3D%3D","","","","",""
"R20","1 kOhm","Resistor_SMD:R_0805_2012Metric","https://nl.mouser.com/ProductDetail/Panasonic/ERJ-6ENF1001V?qs=sGAEpiMZZMtG0KNrPCHnjWXb3yLuGJ27akbDirKvTYA%3D","","","0805","https://jlcpcb.com/parts/componentSearch?searchTxt=C17513","","C17513","0805W8F1001T5E","667-ERJ-6ENF1001V","https://nl.mouser.com/ProductDetail/Panasonic/ERJ-6ENF1001V?qs=sGAEpiMZZMtG0KNrPCHnjWXb3yLuGJ27akbDirKvTYA%3D","Basic","SMD","","","","","","","","",""
"U5","VOM617A-4T","Components:VOM617A8X001T","https://nl.mouser.com/ProductDetail/78-VOM617A-4T","7","IPC-7351B","SMD-4_4.6x6.5x2.54P","https://jlcpcb.com/parts/componentSearch?searchTxt=C106900","","C106900","VOM617A-4T","78-VOM617A-4T","https://nl.mouser.com/ProductDetail/78-VOM617A-4T","Basic","SMD","","","","","","","","",""
"R23","10 kOhm","Resistor_SMD:R_0805_2012Metric","https://nl.mouser.com/ProductDetail/Panasonic/ERJ-6ENF1002V?qs=4WZYzuGhm5pfKPfuMiCO5g%3D%3D","","","0402","https://jlcpcb.com/parts/componentSearch?searchTxt=C25744","","C25744","ERJ-6ENF1002V","667-ERJ-6ENF1002V","https://nl.mouser.com/ProductDetail/Panasonic/ERJ-6ENF1002V?qs=4WZYzuGhm5pfKPfuMiCO5g%3D%3D","Basic","SMD","","","","","","","","",""
"R22","10 kOhm","Resistor_SMD:R_0805_2012Metric","https://nl.mouser.com/ProductDetail/Panasonic/ERJ-6ENF1002V?qs=4WZYzuGhm5pfKPfuMiCO5g%3D%3D","","","0402","https://jlcpcb.com/parts/componentSearch?searchTxt=C25744","","C25744","ERJ-6ENF1002V","667-ERJ-6ENF1002V","https://nl.mouser.com/ProductDetail/Panasonic/ERJ-6ENF1002V?qs=4WZYzuGhm5pfKPfuMiCO5g%3D%3D","Basic","SMD","","","","","","","","",""
"R24","10 kOhm","Resistor_SMD:R_0805_2012Metric","https://nl.mouser.com/ProductDetail/Panasonic/ERJ-6ENF1002V?qs=4WZYzuGhm5pfKPfuMiCO5g%3D%3D","","","0402","https://jlcpcb.com/parts/componentSearch?searchTxt=C25744","","C25744","ERJ-6ENF1002V","667-ERJ-6ENF1002V","https://nl.mouser.com/ProductDetail/Panasonic/ERJ-6ENF1002V?qs=4WZYzuGhm5pfKPfuMiCO5g%3D%3D","Basic","SMD","","","","","","","","",""
"D7","1N4148W","Diode_SMD:D_SOD-123","https://jlcpcb.com/parts/componentSearch?searchTxt=C81598","","","SOD-123","https://jlcpcb.com/parts/componentSearch?searchTxt=C81598","","C81598","1N4148W","621-1N4148W-F","https://nl.mouser.com/ProductDetail/Diodes-Incorporated/1N4148W-7-F?qs=%2Fha2pyFadujYbUVm%252BOEfeV5LQgnaBS8zAQJ9gwbNRK0%3D","Basic","SMD","","","","","","","","",""
"R8","200 Ohm","Resistor_SMD:R_0805_2012Metric","https://nl.mouser.com/ProductDetail/Panasonic/ERJ-6ENF2000V?qs=sGAEpiMZZMtG0KNrPCHnjTg0x5DoQJ5PJPMScGb0Ra8%3D","","","0805","https://jlcpcb.com/parts/componentSearch?searchTxt=C17540","","C17540","0805W8F2000T5E","667-ERJ-6ENF2000V","https://nl.mouser.com/ProductDetail/Panasonic/ERJ-6ENF2000V?qs=sGAEpiMZZMtG0KNrPCHnjTg0x5DoQJ5PJPMScGb0Ra8%3D","Basic","SMD","","","","","","","","",""
"R9","10 kOhm","Resistor_SMD:R_0805_2012Metric","https://nl.mouser.com/ProductDetail/Panasonic/ERJ-6ENF1002V?qs=4WZYzuGhm5pfKPfuMiCO5g%3D%3D","","","0402","https://jlcpcb.com/parts/componentSearch?searchTxt=C25744","","C25744","ERJ-6ENF1002V","667-ERJ-6ENF1002V","https://nl.mouser.com/ProductDetail/Panasonic/ERJ-6ENF1002V?qs=4WZYzuGhm5pfKPfuMiCO5g%3D%3D","Basic","SMD","","","","","","","","",""
"R19","10 kOhm","Resistor_SMD:R_0805_2012Metric","https://nl.mouser.com/ProductDetail/Panasonic/ERJ-6ENF1002V?qs=4WZYzuGhm5pfKPfuMiCO5g%3D%3D","","","0402","https://jlcpcb.com/parts/componentSearch?searchTxt=C25744","","C25744","ERJ-6ENF1002V","667-ERJ-6ENF1002V","https://nl.mouser.com/ProductDetail/Panasonic/ERJ-6ENF1002V?qs=4WZYzuGhm5pfKPfuMiCO5g%3D%3D","Basic","SMD","","","","","","","","",""
"C34","47 nF","Capacitor_SMD:C_0603_1608Metric","https://jlcpcb.com/parts/componentSearch?searchTxt=C1622","","","0603","","","C1622","CL10B473KB8NNNC","810-CGA3E2X7R1H473K","https://nl.mouser.com/ProductDetail/TDK/CGA3E2X7R1H473K080AA?qs=NRhsANhppD%252BXNlr9LoLgTw%3D%3D","Basic","SMD","","","","","","","","",""
"D5","PESD2CANFD24V-TR","Components:SOT95P230X110-3N","https://assets.nexperia.com/documents/data-sheet/PESD2CANFD24V-T.pdf","","","","","","","PESD2CANFD24V-TR","771-PESD2CANFD24V-TR","https://nl.mouser.com/ProductDetail/771-PESD2CANFD24V-TR","","SMD","ESD Suppressors / TVS Diodes DIODE ESD PROT","1.1","Nexperia","https://www.mouser.co.uk/ProductDetail/Nexperia/PESD2CANFD24V-TR?qs=xZ%2FP%252Ba9zWqbW0qDIUI%252BQ%2FA%3D%3D","","","","",""
"L5","ACT45B-101-2P-TL003","Components:ACT45B1012PTL003","","","","","","","","ACT45B-101-2P-TL003","810-ACT45B1012PTL003","https://nl.mouser.com/ProductDetail/810-ACT45B1012PTL003","","SMD","Common Mode Chokes / Filters AEC-Q200 Chip Choke 22uH .6Ohms Q200","3","Pulse","https://www.mouser.co.uk/ProductDetail/Pulse-Electronics/PE-1812ACC220STS?qs=ar8LaIfZsbE4xU%2FWclqUyA%3D%3D","","","","",""
"R10","60 Ohm","Resistor_SMD:R_1206_3216Metric","https://nl.mouser.com/ProductDetail/Vishay-Dale/CRCW120660R0KNEAIF?qs=0LP1uVfdam9gTU37MuGrNg%3D%3D","","","1206","","","","CRCW120660R0KNEAIF","71-CRCW120660R0KNAIF","https://nl.mouser.com/ProductDetail/Vishay-Dale/CRCW120660R0KNEAIF?qs=0LP1uVfdam9gTU37MuGrNg%3D%3D","","SMD","","","","","","","","",""
"L6","ACT45B-101-2P-TL003","Components:ACT45B1012PTL003","https://nl.mouser.com/ProductDetail/TDK/ACT45B-101-2P-TL003?qs=%2Fha2pyFadujs04TstHZdSH64%2Fqz3QVaRHAbDdChFd7h6ykmpMYcHe5aZKAByiOKr","","","","","","","ACT45B-101-2P-TL003","810-ACT45B1012PTL003","https://nl.mouser.com/ProductDetail/810-ACT45B1012PTL003","","SMD","Common Mode Chokes / Filters AEC-Q200 Chip Choke 22uH .6Ohms Q200","3","Pulse","https://nl.mouser.com/ProductDetail/TDK/ACT45B-101-2P-TL003?qs=%2Fha2pyFadujs04TstHZdSH64%2Fqz3QVaRHAbDdChFd7h6ykmpMYcHe5aZKAByiOKr","","","","",""
"R13","60 Ohm","Resistor_SMD:R_1206_3216Metric","https://nl.mouser.com/ProductDetail/Vishay-Dale/CRCW120660R0KNEAIF?qs=0LP1uVfdam9gTU37MuGrNg%3D%3D","","","1206","","","","CRCW120660R0KNEAIF","71-CRCW120660R0KNAIF","https://nl.mouser.com/ProductDetail/Vishay-Dale/CRCW120660R0KNEAIF?qs=0LP1uVfdam9gTU37MuGrNg%3D%3D","","SMD","","","","","","","","",""
"C35","47 nF","Capacitor_SMD:C_0603_1608Metric","https://jlcpcb.com/parts/componentSearch?searchTxt=C1622","","","0603","","","C1622","CL10B473KB8NNNC","810-CGA3E2X7R1H473K","https://nl.mouser.com/ProductDetail/TDK/CGA3E2X7R1H473K080AA?qs=NRhsANhppD%252BXNlr9LoLgTw%3D%3D","Basic","SMD","","","","","","","","",""
"D4","PESD2CANFD24V-TR","Components:SOT95P230X110-3N","https://assets.nexperia.com/documents/data-sheet/PESD2CANFD24V-T.pdf","","","","","","","PESD2CANFD24V-TR","771-PESD2CANFD24V-TR","https://nl.mouser.com/ProductDetail/771-PESD2CANFD24V-TR","","SMD","ESD Suppressors / TVS Diodes DIODE ESD PROT","1.1","Nexperia","https://www.mouser.co.uk/ProductDetail/Nexperia/PESD2CANFD24V-TR?qs=xZ%2FP%252Ba9zWqbW0qDIUI%252BQ%2FA%3D%3D","","","","",""
"R12","60 Ohm","Resistor_SMD:R_1206_3216Metric","https://nl.mouser.com/ProductDetail/Vishay-Dale/CRCW120660R0KNEAIF?qs=0LP1uVfdam9gTU37MuGrNg%3D%3D","","","1206","","","","CRCW120660R0KNEAIF","71-CRCW120660R0KNAIF","https://nl.mouser.com/ProductDetail/Vishay-Dale/CRCW120660R0KNEAIF?qs=0LP1uVfdam9gTU37MuGrNg%3D%3D","","SMD","","","","","","","","",""
"JP2","SolderJumper_2_Open","Jumper:SolderJumper-2_P1.3mm_Open_RoundedPad1.0x1.5mm","~"
"S1","PTS647SM38SMTR2LFS","Components:PTS647SK38SMTR2LFS","https://nl.mouser.com/ProductDetail/CK/PTS647SM38SMTR2LFS?qs=%2Fha2pyFadug0Azfe8RMwGeMURFOF4lLShtoDs41xX9HDzDA4uhrRnYE8%2F53wapal","","","","","","","PTS647SM38SMTR2LFS","611-PTS647SM38SMTR2L","https://nl.mouser.com/ProductDetail/CK/PTS647SM38SMTR2LFS?qs=%2Fha2pyFadug0Azfe8RMwGeMURFOF4lLShtoDs41xX9HDzDA4uhrRnYE8%2F53wapal","","","Tactile Switches 50mA 12VDC, 1.8N 3.8mm H, G leads","","C & K COMPONENTS","https://nl.mouser.com/ProductDetail/611-PTS647SM38SMTR2L","","","","",""
"S2","PTS647SM38SMTR2LFS","Components:PTS647SK38SMTR2LFS","https://nl.mouser.com/ProductDetail/CK/PTS647SM38SMTR2LFS?qs=%2Fha2pyFadug0Azfe8RMwGeMURFOF4lLShtoDs41xX9HDzDA4uhrRnYE8%2F53wapal","","","","","","","PTS647SM38SMTR2LFS","611-PTS647SM38SMTR2L","https://nl.mouser.com/ProductDetail/CK/PTS647SM38SMTR2LFS?qs=%2Fha2pyFadug0Azfe8RMwGeMURFOF4lLShtoDs41xX9HDzDA4uhrRnYE8%2F53wapal","","","Tactile Switches 50mA 12VDC, 1.8N 3.8mm H, G leads","","C & K COMPONENTS","https://nl.mouser.com/ProductDetail/611-PTS647SM38SMTR2L","","","","",""
"F3","500 mA","Fuse:Fuse_1206_3216Metric","https://nl.mouser.com/ProductDetail/652-MF-NSHT050KX-2","","","","","","","","652-MF-NSHT050KX-2","https://nl.mouser.com/ProductDetail/652-MF-NSHT050KX-2","","SMD","","","","","","","","",""
"Q4","IRLML0060TRPBF","SamacSys_Parts:SOT95P237X112-3N","https://nl.mouser.com/ProductDetail/Infineon-IR/IRLML0060TRPBF?qs=%2Fha2pyFaduhyxTHJ4eRB4Ob7c7xw%252B%252Bj1E7NBIFJv%252BeOHJMIp%252BS34Uzpwcws7%2FKTI","","","","","","","IRLML0060TRPBF","942-IRLML0060TRPBF","https://nl.mouser.com/ProductDetail/Infineon-IR/IRLML0060TRPBF?qs=%2Fha2pyFaduhyxTHJ4eRB4Ob7c7xw%252B%252Bj1E7NBIFJv%252BeOHJMIp%252BS34Uzpwcws7%2FKTI","","SMD","MOSFET N-Channel 60V 2.7A SOT23 Infineon IRLML0060TRPBF N-channel MOSFET Transistor, 2.7 A, 60 V, 3-Pin SOT-23","1.12","Infineon","https://www.mouser.co.uk/ProductDetail/Infineon-IR/IRLML0060TRPBF?qs=9%252BKlkBgLFf3sC4ri8n%252Bt9Q%3D%3D","https://www.infineon.com/dgdl/irlml0060pbf.pdf?fileId=5546d462533600a40153566493ef25e6","","","",""
"Q3","IRLML0060TRPBF","SamacSys_Parts:SOT95P237X112-3N","https://nl.mouser.com/ProductDetail/Infineon-IR/IRLML0060TRPBF?qs=%2Fha2pyFaduhyxTHJ4eRB4Ob7c7xw%252B%252Bj1E7NBIFJv%252BeOHJMIp%252BS34Uzpwcws7%2FKTI","","","","","","","IRLML0060TRPBF","942-IRLML0060TRPBF","https://nl.mouser.com/ProductDetail/Infineon-IR/IRLML0060TRPBF?qs=%2Fha2pyFaduhyxTHJ4eRB4Ob7c7xw%252B%252Bj1E7NBIFJv%252BeOHJMIp%252BS34Uzpwcws7%2FKTI","","SMD","MOSFET N-Channel 60V 2.7A SOT23 Infineon IRLML0060TRPBF N-channel MOSFET Transistor, 2.7 A, 60 V, 3-Pin SOT-23","1.12","Infineon","https://www.mouser.co.uk/ProductDetail/Infineon-IR/IRLML0060TRPBF?qs=9%252BKlkBgLFf3sC4ri8n%252Bt9Q%3D%3D","https://www.infineon.com/dgdl/irlml0060pbf.pdf?fileId=5546d462533600a40153566493ef25e6","","","",""
"Q2","IRLML0060TRPBF","SamacSys_Parts:SOT95P237X112-3N","https://nl.mouser.com/ProductDetail/Infineon-IR/IRLML0060TRPBF?qs=%2Fha2pyFaduhyxTHJ4eRB4Ob7c7xw%252B%252Bj1E7NBIFJv%252BeOHJMIp%252BS34Uzpwcws7%2FKTI","","","","","","","IRLML0060TRPBF","942-IRLML0060TRPBF","https://nl.mouser.com/ProductDetail/Infineon-IR/IRLML0060TRPBF?qs=%2Fha2pyFaduhyxTHJ4eRB4Ob7c7xw%252B%252Bj1E7NBIFJv%252BeOHJMIp%252BS34Uzpwcws7%2FKTI","","SMD","MOSFET N-Channel 60V 2.7A SOT23 Infineon IRLML0060TRPBF N-channel MOSFET Transistor, 2.7 A, 60 V, 3-Pin SOT-23","1.12","Infineon","https://www.mouser.co.uk/ProductDetail/Infineon-IR/IRLML0060TRPBF?qs=9%252BKlkBgLFf3sC4ri8n%252Bt9Q%3D%3D","https://www.infineon.com/dgdl/irlml0060pbf.pdf?fileId=5546d462533600a40153566493ef25e6","","","",""
"Q1","IRLML0060TRPBF","SamacSys_Parts:SOT95P237X112-3N","https://nl.mouser.com/ProductDetail/Infineon-IR/IRLML0060TRPBF?qs=%2Fha2pyFaduhyxTHJ4eRB4Ob7c7xw%252B%252Bj1E7NBIFJv%252BeOHJMIp%252BS34Uzpwcws7%2FKTI","","","","","","","IRLML0060TRPBF","942-IRLML0060TRPBF","https://nl.mouser.com/ProductDetail/Infineon-IR/IRLML0060TRPBF?qs=%2Fha2pyFaduhyxTHJ4eRB4Ob7c7xw%252B%252Bj1E7NBIFJv%252BeOHJMIp%252BS34Uzpwcws7%2FKTI","","SMD","MOSFET N-Channel 60V 2.7A SOT23 Infineon IRLML0060TRPBF N-channel MOSFET Transistor, 2.7 A, 60 V, 3-Pin SOT-23","1.12","Infineon","https://www.mouser.co.uk/ProductDetail/Infineon-IR/IRLML0060TRPBF?qs=9%252BKlkBgLFf3sC4ri8n%252Bt9Q%3D%3D","https://www.infineon.com/dgdl/irlml0060pbf.pdf?fileId=5546d462533600a40153566493ef25e6","","","",""
"R27","10 kOhm","Resistor_SMD:R_0805_2012Metric","https://nl.mouser.com/ProductDetail/Panasonic/ERJ-6ENF1002V?qs=4WZYzuGhm5pfKPfuMiCO5g%3D%3D","","","0402","https://jlcpcb.com/parts/componentSearch?searchTxt=C25744","","C25744","ERJ-6ENF1002V","667-ERJ-6ENF1002V","https://nl.mouser.com/ProductDetail/Panasonic/ERJ-6ENF1002V?qs=4WZYzuGhm5pfKPfuMiCO5g%3D%3D","Basic","SMD","","","","","","","","",""
"R25","1 kOhm","Resistor_SMD:R_0805_2012Metric","https://nl.mouser.com/ProductDetail/Panasonic/ERJ-6ENF1001V?qs=sGAEpiMZZMtG0KNrPCHnjWXb3yLuGJ27akbDirKvTYA%3D","","","0805","https://jlcpcb.com/parts/componentSearch?searchTxt=C17513","","C17513","0805W8F1001T5E","667-ERJ-6ENF1001V","https://nl.mouser.com/ProductDetail/Panasonic/ERJ-6ENF1001V?qs=sGAEpiMZZMtG0KNrPCHnjWXb3yLuGJ27akbDirKvTYA%3D","Basic","SMD","","","","","","","","",""
"U6","VOM617A-4T","Components:VOM617A8X001T","https://nl.mouser.com/ProductDetail/78-VOM617A-4T","7","IPC-7351B","SMD-4_4.6x6.5x2.54P","https://jlcpcb.com/parts/componentSearch?searchTxt=C106900","","C106900","VOM617A-4T","78-VOM617A-4T","https://nl.mouser.com/ProductDetail/78-VOM617A-4T","Basic","SMD","","","","","","","","",""
"Q5","DMP4065SQ-7","Components:SOT96P240X110-3N","https://nl.mouser.com/ProductDetail/Diodes-Incorporated/DMP4065SQ-7?qs=W0yvOO0ixfEjdY1la3hi%2FQ%3D%3D","","","","","","","DMP4065SQ-7","621-DMP4065SQ-7","https://nl.mouser.com/ProductDetail/Diodes-Incorporated/DMP4065SQ-7?qs=W0yvOO0ixfEjdY1la3hi%2FQ%3D%3D","","SMD","MOSFET BVDSS: 31V40V SOT23 T&R 3K","1.1","Diodes Inc.","https://nl.mouser.com/ProductDetail/Diodes-Incorporated/DMP4065SQ-7?qs=W0yvOO0ixfEjdY1la3hi%2FQ%3D%3D","","","","",""
"R28","10 kOhm","Resistor_SMD:R_0805_2012Metric","https://nl.mouser.com/ProductDetail/Panasonic/ERJ-6ENF1002V?qs=4WZYzuGhm5pfKPfuMiCO5g%3D%3D","","","0402","https://jlcpcb.com/parts/componentSearch?searchTxt=C25744","","C25744","ERJ-6ENF1002V","667-ERJ-6ENF1002V","https://nl.mouser.com/ProductDetail/Panasonic/ERJ-6ENF1002V?qs=4WZYzuGhm5pfKPfuMiCO5g%3D%3D","Basic","SMD","","","","","","","","",""
"R26","1 kOhm","Resistor_SMD:R_0805_2012Metric","https://nl.mouser.com/ProductDetail/Panasonic/ERJ-6ENF1001V?qs=sGAEpiMZZMtG0KNrPCHnjWXb3yLuGJ27akbDirKvTYA%3D","","","0805","https://jlcpcb.com/parts/componentSearch?searchTxt=C17513","","C17513","0805W8F1001T5E","667-ERJ-6ENF1001V","https://nl.mouser.com/ProductDetail/Panasonic/ERJ-6ENF1001V?qs=sGAEpiMZZMtG0KNrPCHnjWXb3yLuGJ27akbDirKvTYA%3D","Basic","SMD","","","","","","","","",""
"U7","VOM617A-4T","Components:VOM617A8X001T","https://nl.mouser.com/ProductDetail/78-VOM617A-4T","7","IPC-7351B","SMD-4_4.6x6.5x2.54P","https://jlcpcb.com/parts/componentSearch?searchTxt=C106900","","C106900","VOM617A-4T","78-VOM617A-4T","https://nl.mouser.com/ProductDetail/78-VOM617A-4T","Basic","SMD","","","","","","","","",""
"J4","B2B-PH-K-S(LF)(SN)","Components:JST_B2B-PH-K-S(LF)(SN)","B2B-PH-K-S_LF__SN_","IPC-7251","https://www.digikey.com.ua/product-detail/en/jst-sales-america-inc/B2B-PH-K-S_LF__SN_/455-1704-ND/926611?utm_source=snapeda&utm_medium=aggregator&utm_campaign=symbol","","","","","","","","","","","","","","PH Series 2 Position 2 mm Pitch Through Hole Top Entry Shrouded Header","JST Sales","None","455-1704-ND","N/A"
"R29","5.1 kOhm","Resistor_SMD:R_0805_2012Metric","https://nl.mouser.com/ProductDetail/Panasonic/ERJ-6ENF5101V?qs=50QC8w71jAvpGnVxshBP5A%3D%3D","","","0805","","","","","667-ERJ-6ENF5101V","https://nl.mouser.com/ProductDetail/Panasonic/ERJ-6ENF5101V?qs=50QC8w71jAvpGnVxshBP5A%3D%3D","Basic","SMD","","","","","","","","",""
"R21","5.1 kOhm","Resistor_SMD:R_0805_2012Metric","https://nl.mouser.com/ProductDetail/Panasonic/ERJ-6ENF5101V?qs=50QC8w71jAvpGnVxshBP5A%3D%3D","","","0805","","","","","667-ERJ-6ENF5101V","https://nl.mouser.com/ProductDetail/Panasonic/ERJ-6ENF5101V?qs=50QC8w71jAvpGnVxshBP5A%3D%3D","Basic","SMD","","","","","","","","",""
"D8","1N4148W","Diode_SMD:D_SOD-123","https://jlcpcb.com/parts/componentSearch?searchTxt=C81598","","","SOD-123","https://jlcpcb.com/parts/componentSearch?searchTxt=C81598","","C81598","1N4148W","621-1N4148W-F","https://nl.mouser.com/ProductDetail/Diodes-Incorporated/1N4148W-7-F?qs=%2Fha2pyFadujYbUVm%252BOEfeV5LQgnaBS8zAQJ9gwbNRK0%3D","Basic","SMD","","","","","","","","",""
"LED2","LED","LED_SMD:LED_0603_1608Metric","https://nl.mouser.com/ProductDetail/Wurth-Elektronik/150060GS84000?qs=GedFDFLaBXH09WUudWKJ5g%3D%3D","","","LED_0603","https://jlcpcb.com/parts/componentSearch?searchTxt=C72043","","C72043","19-217/GHC-YR1S2/3T","710-150060GS84000","https://nl.mouser.com/ProductDetail/Wurth-Elektronik/150060GS84000?qs=GedFDFLaBXH09WUudWKJ5g%3D%3D","Basic","SMD","","","","","","","","",""
"R30","470 Ohm","Resistor_SMD:R_0805_2012Metric","https://nl.mouser.com/ProductDetail/Panasonic/ERJ-P06F4700V?qs=sGAEpiMZZMtG0KNrPCHnjYpPrk%252BOMd4bKtwYfDK0FOg%3D","","","0805","https://jlcpcb.com/parts/componentSearch?searchTxt=C17710","","C17710","0805W8F4700T5E","667-ERJ-P06F4700V","https://nl.mouser.com/ProductDetail/Panasonic/ERJ-P06F4700V?qs=sGAEpiMZZMtG0KNrPCHnjYpPrk%252BOMd4bKtwYfDK0FOg%3D","Basic","SMD","","","","","","","","",""
